Run,Avg_Wait,Total_Delay,Avg_Queue,Num_Stops
1,0.506809969111857,253.40498455592854,0.9105,1821
2,0.506809969111857,253.40498455592854,0.9105,1821
