Run,Avg_Wait,Total_Delay,Avg_Queue,Num_Stops
1,34.138620752131864,17069.310376065932,7.7805,15561
