Run,Avg_Wait,Total_Delay,Avg_Queue,Num_Stops
1,32.68727951753164,16343.639758765823,8.787,17574
2,65.8750335793099,32937.51678965495,11.268,22536
